-- phpMyAdmin SQL Dump
-- version 4.8.5
-- https://www.phpmyadmin.net/
--
-- Host: 127.0.0.1
-- Generation Time: Mar 15, 2019 at 02:28 AM
-- Server version: 10.1.38-MariaDB
-- PHP Version: 7.3.2

SET SQL_MODE = "NO_AUTO_VALUE_ON_ZERO";
SET AUTOCOMMIT = 0;
START TRANSACTION;
SET time_zone = "+00:00";


/*!40101 SET @OLD_CHARACTER_SET_CLIENT=@@CHARACTER_SET_CLIENT */;
/*!40101 SET @OLD_CHARACTER_SET_RESULTS=@@CHARACTER_SET_RESULTS */;
/*!40101 SET @OLD_COLLATION_CONNECTION=@@COLLATION_CONNECTION */;
/*!40101 SET NAMES utf8mb4 */;

--
-- Database: `sequencebuilder`
--

-- --------------------------------------------------------

--
-- Table structure for table `coursesmain`
--

CREATE TABLE `coursesmain` (
  `CourseName` varchar(225) NOT NULL,
  `Credit` decimal(2,1) NOT NULL,
  `Prerequisite` varchar(225) DEFAULT NULL,
  `Corerequisite` varchar(225) DEFAULT NULL
) ENGINE=InnoDB DEFAULT CHARSET=latin1;

--
-- Dumping data for table `coursesmain`
--

INSERT INTO `coursesmain` (`CourseName`, `Credit`, `Prerequisite`, `Corerequisite`) VALUES
('COMP232', '3.0', NULL, NULL),
('COMP248', '3.5', NULL, NULL),
('COMP249', '3.5', 'COMP248', NULL),
('COMP335', '3.0', 'COMP232,COMP249', NULL),
('COMP346', '4.0', 'SOEN228,COMP352', NULL),
('COMP348', '3.0', 'COMP249', NULL),
('COMP352', '3.0', 'COMP249', 'COMP232'),
('ELEC275', '3.5', NULL, 'ENGR213'),
('ENCS282', '3.0', NULL, NULL),
('ENGR201', '1.5', NULL, NULL),
('ENGR202', '1.5', NULL, NULL),
('ENGR213', '3.0', NULL, NULL),
('ENGR233', '3.0', NULL, NULL),
('ENGR301', '3.0', NULL, NULL),
('ENGR371', '3.0', 'ENGR213,ENGR233', NULL),
('ENGR391', '3.0', 'ENGR213,ENGR233,COMP248', NULL),
('ENGR392', '3.0', 'ENCS282,ENGR201,ENGR202', NULL),
('SOEN228', '4.0', NULL, NULL),
('SOEN287', '3.0', 'COMP248', NULL),
('SOEN321', '3.0', 'COMP346', NULL),
('SOEN331', '3.0', 'COMP232,COMP249', NULL),
('SOEN341', '3.0', 'COMP352', 'ENCS282'),
('SOEN342', '3.0', 'SOEN341', NULL),
('SOEN343', '3.0', 'SOEN341', 'SOEN342'),
('SOEN344', '3.0', 'SOEN343', NULL),
('SOEN345', '3.0', NULL, 'SOEN343'),
('SOEN357', '3.0', 'SOEN342', NULL),
('SOEN384', '3.0', 'ENCS282,SOEN341', NULL),
('SOEN385', '3.0', 'ENGR213,ENGR233', NULL),
('SOEN390', '3.5', NULL, 'SOEN344,SOEN357'),
('SOEN490_1', '2.0', 'SOEN390', NULL),
('SOEN490_2', '2.0', 'SOEN490_1', NULL);

-- --------------------------------------------------------

--
-- Table structure for table `flab`
--

CREATE TABLE `flab` (
  `LabID` int(11) NOT NULL,
  `CourseName` varchar(225) NOT NULL,
  `LabSection` varchar(225) NOT NULL,
  `LabDay` varchar(10) NOT NULL,
  `StartLabTime` varchar(225) NOT NULL,
  `EndLabTime` varchar(225) NOT NULL
) ENGINE=InnoDB DEFAULT CHARSET=latin1;

--
-- Dumping data for table `flab`
--

INSERT INTO `flab` (`LabID`, `CourseName`, `LabSection`, `LabDay`, `StartLabTime`, `EndLabTime`) VALUES
(1, 'COMP248', 'A-X', 'M', '19:45:00', '20:45:00'),
(2, 'COMP248', 'B-X', 'T', '10:15:00', '11:15:00'),
(3, 'COMP248', 'C-X', 'J', '20:30:00', '21:30:00'),
(4, 'COMP248', 'D-X', 'M', '19:45:00', '20:45:00'),
(5, 'COMP248', 'E-X', 'F', '10:15:00', '11:15:00'),
(6, 'COMP248', 'F-X', 'F', '20:30:00', '21:30:00'),
(7, 'COMP248', 'G-X', 'F', '10:40:00', '11:40:00'),
(8, 'COMP248', 'H-X', 'M', '12:10:00', '13:10:00'),
(9, 'COMP248', 'I-X', 'M', '12:10:00', '13:10:00'),
(10, 'COMP248', 'J-X', 'W', '12:10:00', '13:10:00'),
(11, 'COMP248', 'K-X', 'W', '12:10:00', '13:10:00'),
(12, 'COMP248', 'L-X', 'M', '12:10:00', '13:10:00'),
(13, 'COMP248', 'M-X', 'F', '10:40:00', '11:40:00'),
(14, 'COMP248', 'N-X', 'F', '10:40:00', '11:40:00'),
(15, 'COMP248', 'O-X', 'W', '12:10:00', '13:10:00'),
(16, 'COMP249', 'I-X', 'M', '18:15:00', '19:15:00'),
(17, 'COMP249', 'J-X', 'W', '18:15:00', '19:15:00'),
(18, 'COMP249', 'K-X', 'W', '19:30:00', '20:30:00'),
(19, 'COMP249', 'L-X', 'M', '18:15:00', '19:15:00'),
(20, 'COMP249', 'M-X', 'W', '18:15:00', '19:15:00'),
(21, 'COMP249', 'N-X', 'W', '19:30:00', '20:30:00'),
(22, 'COMP346', 'DI-X', 'J', '17:45:00', '19:35:00'),
(23, 'COMP346', 'DJ-X', 'J', '19:45:00', '21:35:00'),
(24, 'ELEC275', 'TI-X', 'T', '11:45:00', '14:30:00'),
(25, 'ELEC275', 'TJ-X', 'T', '11:45:00', '14:30:00'),
(26, 'ELEC275', 'TK-X', 'J', '11:45:00', '14:30:00'),
(27, 'ELEC275', 'TL-X', 'J', '11:45:00', '14:30:00'),
(28, 'ELEC275', 'TM-X', 'F', '08:45:00', '11:30:00'),
(29, 'ELEC275', 'VI-X', 'F', '08:45:00', '11:30:00'),
(30, 'ELEC275', 'VJ-X', 'M', '08:45:00', '11:30:00'),
(31, 'ELEC275', 'VK-X', 'M', '08:45:00', '11:30:00'),
(32, 'ELEC275', 'VL-X', 'M', '14:45:00', '17:30:00'),
(33, 'ELEC275', 'VM-X', 'M', '14:45:00', '17:30:00'),
(34, 'SOEN490_1', 'SS-SI', 'T,J', '08:30:00', '10:30:00'),
(35, 'SOEN490_1', 'SS-SJ', 'T,J', '08:30:00', '10:30:00'),
(36, 'SOEN490_1', 'SS-SK', 'T,J', '08:30:00', '10:30:00'),
(37, 'SOEN490_1', 'SS-SL', 'T,J', '08:30:00', '10:30:00'),
(38, 'SOEN490_1', 'SS-SM', 'T,J', '08:30:00', '10:30:00'),
(39, 'SOEN490_1', 'SS-SN', 'T,J', '08:30:00', '10:30:00');

-- --------------------------------------------------------

--
-- Table structure for table `flec`
--

CREATE TABLE `flec` (
  `LecInfo` varchar(225) NOT NULL,
  `CourseName` varchar(225) NOT NULL,
  `LecDay` varchar(10) DEFAULT NULL,
  `StartLecTime` varchar(225) DEFAULT NULL,
  `EndLecTime` varchar(225) DEFAULT NULL
) ENGINE=InnoDB DEFAULT CHARSET=latin1;

--
-- Dumping data for table `flec`
--

INSERT INTO `flec` (`LecInfo`, `CourseName`, `LecDay`, `StartLecTime`, `EndLecTime`) VALUES
('COMP232-DD', 'COMP232', 'W', '17:45:00', '20:15:00'),
('COMP232-PP', 'COMP232', 'J', '17:45:00', '20:15:00'),
('COMP232-Q', 'COMP232', 'T,J', '13:15:00', '14:30:00'),
('COMP232-R', 'COMP232', 'T,J', '13:15:00', '14:30:00'),
('COMP232-S', 'COMP232', 'T,J', '13:15:00', '14:30:00'),
('COMP248-EE', 'COMP248', 'J', '17:45:00', '20:15:00'),
('COMP248-FF', 'COMP248', 'F', '17:45:00', '20:15:00'),
('COMP248-P', 'COMP248', 'M,W', '13:15:00', '14:30:00'),
('COMP248-Q', 'COMP248', 'M,W', '13:15:00', '14:30:00'),
('COMP248-R', 'COMP248', 'M,W', '08:45:00', '10:00:00'),
('COMP249-D', 'COMP249', 'M,W', '14:45:00', '16:00:00'),
('COMP249-E', 'COMP249', 'M,W', '14:45:00', '16:00:00'),
('COMP335-E', 'COMP335', 'M,W', '16:15:00', '17:30:00'),
('COMP335-G', 'COMP335', 'T,J', '13:15:00', '14:30:00'),
('COMP335-H', 'COMP335', 'M,W', '16:15:00', '17:30:00'),
('COMP346-DD', 'COMP346', 'T', '17:45:00', '20:15:00'),
('COMP348-DD', 'COMP348', 'W', '17:45:00', '20:15:00'),
('COMP348-U', 'COMP348', 'M,W', '08:45:00', '10:00:00'),
('COMP348-W', 'COMP348', 'M,W', '08:45:00', '10:00:00'),
('COMP352-D', 'COMP352', 'W,F', '13:15:00', '14:30:00'),
('COMP352-FF', 'COMP352', 'T', '17:45:00', '20:15:00'),
('COMP352-G', 'COMP352', 'W,F', '13:15:00', '14:30:00'),
('COMP352-H', 'COMP352', 'W,F', '13:15:00', '14:30:00'),
('ELEC275-T', 'ELEC275', 'W,F', '11:45:00', '13:00:00'),
('ELEC275-V', 'ELEC275', 'T,J', '08:45:00', '10:00:00'),
('ENCS282-A', 'ENCS282', 'M,W', '16:15:00', '17:30:00'),
('ENCS282-B', 'ENCS282', 'M,W', '14:45:00', '16:00:00'),
('ENCS282-BB', 'ENCS282', 'T', '17:45:00', '20:15:00'),
('ENGR201-BL', 'ENGR201', 'ONLINE', NULL, NULL),
('ENGR202-G', 'ENGR202', 'F', '16:15:00', '17:30:00'),
('ENGR202-H', 'ENGR202', 'J', '16:15:00', '17:30:00'),
('ENGR213-P', 'ENGR213', 'M,W', '11:45:00', '13:00:00'),
('ENGR213-R', 'ENGR213', 'W,F', '08:45:00', '10:00:00'),
('ENGR213-T', 'ENGR213', 'T,J', '10:15:00', '11:30:00'),
('ENGR213-U', 'ENGR213', 'W,F', '11:45:00', '13:00:00'),
('ENGR213-V', 'ENGR213', 'W,F', '08:45:00', '10:00:00'),
('ENGR213-X', 'ENGR213', 'T,J', '10:15:00', '11:30:00'),
('ENGR213-XX', 'ENGR213', 'F', '17:45:00', '20:15:00'),
('ENGR233-P', 'ENGR233', 'T,J', '13:15:00', '14:30:00'),
('ENGR233-Q', 'ENGR233', 'T,J', '13:15:00', '14:30:00'),
('ENGR301-FF', 'ENGR301', 'F', '17:45:00', '20:15:00'),
('ENGR301-G', 'ENGR301', 'T,J', '16:15:00', '17:30:00'),
('ENGR301-H', 'ENGR301', 'T,J', '16:15:00', '17:30:00'),
('ENGR301-II', 'ENGR301', 'F', '17:45:00', '20:15:00'),
('ENGR371-FF', 'ENGR371', 'M', '17:45:00', '20:15:00'),
('ENGR371-R', 'ENGR371', 'T,J', '13:15:00', '14:30:00'),
('ENGR371-S', 'ENGR371', 'M,W', '13:15:00', '14:30:00'),
('ENGR391-F', 'ENGR391', 'T,J', '16:15:00', '17:30:00'),
('ENGR391-M', 'ENGR391', 'T,J', '08:45:00', '10:00:00'),
('ENGR391-S', 'ENGR391', 'T,J', '16:15:00', '17:30:00'),
('ENGR392-D', 'ENGR392', 'F', '08:45:00', '11:30:00'),
('ENGR392-EE', 'ENGR392', 'T', '17:45:00', '20:15:00'),
('ENGR392-F', 'ENGR392', 'M', '14:45:00', '17:30:00'),
('ENGR392-G', 'ENGR392', 'W', '14:45:00', '17:30:00'),
('SOEN287-Q', 'SOEN287', 'T,J', '10:15:00', '11:30:00'),
('SOEN321-GG', 'SOEN321', 'M', '17:45:00', '20:15:00'),
('SOEN341-F', 'SOEN341', 'W,F', '10:15:00', '11:30:00'),
('SOEN341-H', 'SOEN341', 'W,F', '10:15:00', '11:30:00'),
('SOEN342-H', 'SOEN342', 'W,F', '11:45:00', '13:00:00'),
('SOEN342-I', 'SOEN342', 'W,F', '11:45:00', '13:00:00'),
('SOEN343-H', 'SOEN343', 'W,F', '13:15:00', '14:30:00'),
('SOEN384-F', 'SOEN384', 'W,F', '10:15:00', '11:30:00'),
('SOEN384-G', 'SOEN384', 'W,F', '10:15:00', '11:30:00'),
('SOEN490-SS', 'SOEN490_1', 'F', '18:25:00', '19:25:00');

-- --------------------------------------------------------

--
-- Table structure for table `ftut`
--

CREATE TABLE `ftut` (
  `TutID` int(11) NOT NULL,
  `CourseName` varchar(225) NOT NULL,
  `LecInfo` varchar(225) NOT NULL,
  `TutSection` varchar(10) NOT NULL,
  `TutDay` varchar(10) NOT NULL,
  `StartTutTime` varchar(225) NOT NULL,
  `EndTutTime` varchar(225) NOT NULL
) ENGINE=InnoDB DEFAULT CHARSET=latin1;

--
-- Dumping data for table `ftut`
--

INSERT INTO `ftut` (`TutID`, `CourseName`, `LecInfo`, `TutSection`, `TutDay`, `StartTutTime`, `EndTutTime`) VALUES
(1, 'COMP232', 'COMP232-DD', 'DA', 'W', '20:30:00', '22:10:00'),
(2, 'COMP232', 'COMP232-DD', 'DB', 'W', '20:30:00', '22:10:00'),
(3, 'COMP232', 'COMP232-DD', 'DC', 'W', '20:30:00', '17:55:00'),
(4, 'COMP232', 'COMP232-DD', 'DD', 'J', '16:15:00', '22:10:00'),
(5, 'COMP232', 'COMP232-PP', 'PA', 'J', '20:30:00', '22:10:00'),
(6, 'COMP232', 'COMP232-PP', 'PB', 'J', '20:30:00', '22:10:00'),
(7, 'COMP232', 'COMP232-PP', 'PC', 'J', '20:30:00', '17:55:00'),
(8, 'COMP232', 'COMP232-Q', 'QA', 'T', '16:15:00', '16:25:00'),
(9, 'COMP232', 'COMP232-Q', 'QB', 'J', '14:45:00', '16:25:00'),
(10, 'COMP232', 'COMP232-Q', 'QC', 'J', '14:45:00', '17:55:00'),
(11, 'COMP232', 'COMP232-R', 'RA', 'T', '16:15:00', '17:55:00'),
(12, 'COMP232', 'COMP232-R', 'RB', 'T', '16:15:00', '17:55:00'),
(13, 'COMP232', 'COMP232-R', 'RC', 'T', '16:15:00', '17:55:00'),
(14, 'COMP232', 'COMP232-S', 'SA', 'J', '16:15:00', '17:55:00'),
(15, 'COMP232', 'COMP232-S', 'SB', 'J', '16:15:00', '17:55:00'),
(16, 'COMP232', 'COMP232-S', 'SC', 'J', '16:15:00', '17:55:00'),
(17, 'COMP248', 'COMP248-EE', 'EA', 'T', '11:45:00', '13:25:00'),
(18, 'COMP248', 'COMP248-EE', 'EB', 'J', '11:45:00', '13:25:00'),
(19, 'COMP248', 'COMP248-FF', 'FA', 'M', '17:45:00', '19:25:00'),
(20, 'COMP248', 'COMP248-FF', 'FB', 'F', '11:45:00', '13:25:00'),
(21, 'COMP248', 'COMP248-P', 'PA', 'F', '08:45:00', '10:25:00'),
(22, 'COMP248', 'COMP248-P', 'PB', 'M', '10:15:00', '11:55:00'),
(23, 'COMP248', 'COMP248-Q', 'QA', 'M', '10:15:00', '11:55:00'),
(24, 'COMP248', 'COMP248-Q', 'QB', 'W', '10:15:00', '11:55:00'),
(25, 'COMP248', 'COMP248-Q', 'QC', 'W', '10:15:00', '11:55:00'),
(26, 'COMP248', 'COMP248-R', 'RA', 'M', '10:15:00', '11:55:00'),
(27, 'COMP248', 'COMP248-R', 'RB', 'W', '10:15:00', '11:55:00'),
(28, 'COMP248', 'COMP248-R', 'RC', 'F', '08:45:00', '10:25:00'),
(29, 'ENGR201', 'ENGR201-BL', 'A', 'W', '08:45:00', '09:35:00'),
(30, 'ENGR201', 'ENGR201-BL', 'B', 'W', '08:45:00', '09:35:00'),
(31, 'ENGR201', 'ENGR201-BL', 'C', 'J', '16:15:00', '17:05:00'),
(32, 'ENGR201', 'ENGR201-BL', 'D', 'J', '16:15:00', '17:05:00'),
(33, 'ENGR201', 'ENGR201-BL', 'E', 'J', '17:45:00', '18:35:00'),
(34, 'ENGR201', 'ENGR201-BL', 'F', 'J', '17:45:00', '18:35:00'),
(35, 'ENGR201', 'ENGR201-BL', 'G', 'T', '16:15:00', '17:05:00'),
(36, 'ENGR201', 'ENGR201-BL', 'H', 'T', '16:15:00', '17:05:00'),
(37, 'ENGR201', 'ENGR201-BL', 'I', 'J', '18:45:00', '19:35:00'),
(38, 'ENGR201', 'ENGR201-BL', 'J', 'J', '18:45:00', '19:35:00'),
(39, 'ENGR201', 'ENGR201-BL', 'K', 'M', '08:45:00', '09:35:00'),
(40, 'ENGR213', 'ENGR213-U', 'A', 'F', '14:15:00', '15:55:00'),
(41, 'ENGR213', 'ENGR213-U', 'B', 'M', '14:15:00', '15:55:00'),
(42, 'ENGR213', 'ENGR213-P', 'A', 'F', '13:15:00', '14:55:00'),
(43, 'ENGR213', 'ENGR213-P', 'B', 'F', '13:15:00', '14:55:00'),
(44, 'ENGR213', 'ENGR213-R', 'A', 'M', '08:20:00', '10:00:00'),
(45, 'ENGR213', 'ENGR213-R', 'B', 'M', '08:20:00', '10:00:00'),
(46, 'ENGR213', 'ENGR213-T', 'A', 'M', '13:15:00', '14:55:00'),
(47, 'ENGR213', 'ENGR213-T', 'B', 'M', '13:15:00', '14:55:00'),
(48, 'ENGR213', 'ENGR213-V', 'A', 'J', '13:45:00', '15:25:00'),
(49, 'ENGR213', 'ENGR213-V', 'B', 'M', '08:20:00', '10:00:00'),
(50, 'ENGR213', 'ENGR213-X', 'A', 'M', '13:15:00', '14:55:00'),
(51, 'ENGR213', 'ENGR213-X', 'B', 'M', '13:15:00', '14:55:00'),
(52, 'ENGR213', 'ENGR213-XX', 'E', 'F', '15:45:00', '17:25:00'),
(53, 'ENGR213', 'ENGR213-XX', 'F', 'F', '15:45:00', '17:25:00'),
(54, 'COMP249', 'COMP249-D', 'DA', 'M', '12:45:00', '14:35:00'),
(55, 'COMP249', 'COMP249-D', 'DB', 'W', '16:15:00', '17:55:00'),
(56, 'COMP249', 'COMP249-E', 'EA', 'M', '12:45:00', '14:35:00'),
(57, 'COMP249', 'COMP249-E', 'EB', 'M', '16:15:00', '17:55:00'),
(58, 'ENGR233', 'ENGR233-Q', 'QA', 'M', '10:45:00', '12:25:00'),
(59, 'ENGR233', 'ENGR233-Q', 'QB', 'F', '08:45:00', '10:25:00'),
(60, 'ENGR233', 'ENGR233-P', 'PA', 'M', '10:45:00', '12:25:00'),
(61, 'ENGR233', 'ENGR233-P', 'PB', 'M', '10:45:00', '12:25:00'),
(62, 'SOEN287', 'SOEN233-Q', 'QA', 'T', '11:45:00', '13:25:00'),
(63, 'SOEN287', 'SOEN233-Q', 'QB', 'J', '18:15:00', '19:55:00'),
(64, 'SOEN287', 'SOEN233-Q', 'QC', 'T', '18:15:00', '19:55:00'),
(65, 'COMP348', 'COMP348-DD', 'DA', 'T', '14:45:00', '15:35:00'),
(66, 'COMP348', 'COMP348-DD', 'DB', 'J', '14:45:00', '15:35:00'),
(67, 'COMP348', 'COMP348-DD', 'DC', 'T', '14:45:00', '15:35:00'),
(68, 'COMP348', 'COMP348-DD', 'DD', 'J', '15:45:00', '16:35:00'),
(69, 'COMP348', 'COMP348-U', 'UA', 'M', '10:15:00', '11:05:00'),
(70, 'COMP348', 'COMP348-U', 'UB', 'M', '10:15:00', '11:05:00'),
(71, 'COMP348', 'COMP348-U', 'UC', 'W', '10:15:00', '11:05:00'),
(72, 'COMP348', 'COMP348-U', 'UD', 'F', '08:45:00', '09:35:00'),
(73, 'COMP348', 'COMP348-W', 'WA', 'M', '10:15:00', '11:05:00'),
(74, 'COMP348', 'COMP348-W', 'WB', 'W', '10:15:00', '11:05:00'),
(75, 'COMP348', 'COMP348-W', 'WC', 'F', '10:15:00', '11:05:00'),
(76, 'COMP348', 'COMP348-W', 'WD', 'F', '08:45:00', '09:35:00'),
(77, 'COMP352', 'COMP352-D', 'DA', 'F', '14:45:00', '15:35:00'),
(78, 'COMP352', 'COMP352-D', 'DB', 'M', '11:45:00', '12:35:00'),
(79, 'COMP352', 'COMP352-FF', 'FA', 'F', '14:45:00', '15:35:00'),
(80, 'COMP352', 'COMP352-FF', 'FB', 'M', '11:45:00', '12:35:00'),
(81, 'COMP352', 'COMP352-G', 'GA', 'F', '14:45:00', '15:35:00'),
(82, 'COMP352', 'COMP352-G', 'GB', 'M', '11:45:00', '12:35:00'),
(83, 'COMP352', 'COMP352-H', 'HA', 'W', '14:45:00', '15:35:00'),
(84, 'COMP352', 'COMP352-H', 'HB', 'F', '14:45:00', '15:35:00'),
(85, 'ENCS282', 'ENCS282-A', 'AL', 'M', '08:20:00', '10:00:00'),
(86, 'ENCS282', 'ENCS282-A', 'AM', 'M', '17:45:00', '19:25:00'),
(87, 'ENCS282', 'ENCS282-A', 'AN', 'M', '17:45:00', '19:25:00'),
(88, 'ENCS282', 'ENCS282-A', 'AO', 'M', '17:45:00', '19:25:00'),
(89, 'ENCS282', 'ENCS282-B', 'BA', 'W', '16:05:00', '17:45:00'),
(90, 'ENCS282', 'ENCS282-B', 'BB', 'W', '17:45:00', '19:25:00'),
(91, 'ENCS282', 'ENCS282-BB', 'BN', 'T', '20:30:00', '22:10:00'),
(92, 'ENCS282', 'ENCS282-BB', 'BO', 'F', '18:00:00', '19:40:00'),
(93, 'ENCS282', 'ENCS282-BB', 'BP', 'F', '16:05:00', '17:45:00'),
(94, 'ENCS282', 'ENCS282-BB', 'BQ', 'J', '17:45:00', '19:25:00'),
(95, 'ENCS282', 'ENCS282-B', 'BC', 'W', '16:05:00', '17:45:00'),
(96, 'ENCS282', 'ENCS282-B', 'BD', 'W', '17:45:00', '19:25:00'),
(97, 'COMP346', 'COMP282-DD', 'DA', 'T', '20:30:00', '21:20:00'),
(98, 'COMP346', 'COMP282-DD', 'DB', 'T', '20:30:00', '21:20:00'),
(99, 'ELEC275', 'ELEC275-T', 'TA', 'F', '13:15:00', '14:55:00'),
(100, 'ELEC275', 'ELEC275-T', 'TB', 'F', '13:15:00', '14:55:00'),
(101, 'ELEC275', 'ELEC275-V', 'VA', 'W', '14:45:00', '16:25:00'),
(102, 'ELEC275', 'ELEC275-V', 'VB', 'W', '14:45:00', '16:25:00'),
(103, 'ENGR371', 'ENGR371-FF', 'FA', 'T', '17:45:00', '18:35:00'),
(104, 'ENGR371', 'ENGR371-FF', 'FB', 'W', '17:45:00', '18:35:00'),
(105, 'ENGR371', 'ENGR371-FF', 'FC', 'T', '19:15:00', '20:05:00'),
(106, 'ENGR371', 'ENGR371-R', 'RA', 'M', '11:45:00', '12:35:00'),
(107, 'ENGR371', 'ENGR371-R', 'RB', 'M', '10:15:00', '11:05:00'),
(108, 'ENGR371', 'ENGR371-R', 'RC', 'M', '10:15:00', '11:05:00'),
(109, 'ENGR371', 'ENGR371-S', 'SA', 'T', '13:15:00', '14:05:00'),
(110, 'ENGR371', 'ENGR371-S', 'SB', 'J', '13:15:00', '14:05:00'),
(111, 'ENGR371', 'ENGR371-S', 'SC', 'T', '13:15:00', '14:05:00'),
(112, 'SOEN341', 'SOEN341-F', 'FA', 'F', '14:45:00', '15:35:00'),
(113, 'SOEN341', 'SOEN341-F', 'FB', 'F', '12:45:00', '13:35:00'),
(114, 'SOEN341', 'SOEN341-H', 'HA', 'F', '11:45:00', '12:35:00'),
(115, 'SOEN341', 'SOEN341-H', 'HB', 'F', '12:45:00', '13:35:00'),
(116, 'SOEN341', 'SOEN341-H', 'HC', 'F', '11:45:00', '12:35:00'),
(117, 'SOEN341', 'SOEN341-H', 'HD', 'F', '14:45:00', '15:35:00'),
(118, 'COMP335', 'COMP335-E', 'EA', 'J', '11:45:00', '12:35:00'),
(119, 'COMP335', 'COMP335-E', 'EB', 'T', '11:45:00', '12:35:00'),
(120, 'COMP335', 'COMP335-E', 'EC', 'J', '11:45:00', '12:35:00'),
(121, 'COMP335', 'COMP335-E', 'ED', 'T', '11:45:00', '12:35:00'),
(122, 'COMP335', 'COMP335-G', 'GA', 'T', '14:45:00', '15:35:00'),
(123, 'COMP335', 'COMP335-G', 'GB', 'T', '14:45:00', '15:35:00'),
(124, 'COMP335', 'COMP335-H', 'HA', 'T', '11:45:00', '12:35:00'),
(125, 'COMP335', 'COMP335-H', 'HB', 'J', '11:45:00', '12:35:00'),
(126, 'ENGR391', 'ENGR391-F', 'FA', 'F', '14:15:00', '15:05:00'),
(127, 'ENGR391', 'ENGR391-F', 'FB', 'F', '16:15:00', '17:05:00'),
(128, 'ENGR391', 'ENGR391-F', 'FC', 'F', '17:45:00', '18:35:00'),
(129, 'ENGR391', 'ENGR391-F', 'FD', 'M', '17:45:00', '18:35:00'),
(130, 'ENGR391', 'ENGR391-M', 'MA', 'F', '15:15:00', '16:05:00'),
(131, 'ENGR391', 'ENGR391-M', 'MB', 'F', '15:15:00', '16:05:00'),
(132, 'ENGR391', 'ENGR391-M', 'MC', 'M', '15:15:00', '16:05:00'),
(133, 'ENGR391', 'ENGR391-M', 'MD', 'M', '14:15:00', '15:05:00'),
(134, 'ENGR391', 'ENGR391-S', 'SA', 'F', '14:15:00', '15:05:00'),
(135, 'ENGR391', 'ENGR391-S', 'SB', 'F', '16:15:00', '17:05:00'),
(136, 'ENGR391', 'ENGR391-S', 'SC', 'F', '17:45:00', '18:35:00'),
(137, 'ENGR391', 'ENGR391-S', 'SD', 'M', '16:15:00', '17:05:00'),
(138, 'SOEN342', 'SOEN342-H', 'HA', 'F', '15:45:00', '16:35:00'),
(139, 'SOEN342', 'SOEN342-H', 'HB', 'W', '14:45:00', '15:35:00'),
(140, 'SOEN342', 'SOEN342-I', 'IA', 'F', '15:45:00', '16:35:00'),
(141, 'SOEN342', 'SOEN342-I', 'IB', 'W', '14:45:00', '15:35:00'),
(142, 'SOEN343', 'SOEN343-H', 'HA', 'F', '16:45:00', '17:35:00'),
(143, 'SOEN343', 'SOEN343-H', 'HB', 'F', '17:45:00', '18:35:00'),
(144, 'SOEN343', 'SOEN343-H', 'HC', 'F', '16:45:00', '17:35:00'),
(145, 'SOEN343', 'SOEN343-H', 'HD', 'F', '17:45:00', '18:35:00'),
(146, 'SOEN343', 'SOEN343-H', 'HE', 'F', '16:45:00', '17:35:00'),
(147, 'SOEN384', 'SOEN384-F', 'FA', 'F', '09:15:00', '10:05:00'),
(148, 'SOEN384', 'SOEN384-F', 'FB', 'T', '09:00:00', '10:00:00'),
(149, 'SOEN384', 'SOEN384-F', 'FC', 'F', '09:15:00', '10:05:00'),
(150, 'SOEN384', 'SOEN384-F', 'FD', 'T', '09:00:00', '10:00:00'),
(151, 'SOEN384', 'SOEN384-G', 'GA', 'W', '09:00:00', '10:00:00'),
(152, 'ENGR301', 'ENGR301-G', 'GA', 'T', '17:45:00', '18:35:00'),
(153, 'ENGR301', 'ENGR301-G', 'GB', 'T', '18:45:00', '19:35:00'),
(154, 'ENGR301', 'ENGR301-G', 'GC', 'T', '17:45:00', '18:35:00'),
(155, 'ENGR301', 'ENGR301-FF', 'FA', 'M', '17:45:00', '18:35:00'),
(156, 'ENGR301', 'ENGR301-FF', 'FB', 'M', '18:45:00', '19:35:00'),
(157, 'ENGR301', 'ENGR301-FF', 'FC', 'M', '17:45:00', '18:35:00'),
(158, 'ENGR301', 'ENGR301-H', 'HA', 'J', '17:45:00', '18:35:00'),
(159, 'ENGR301', 'ENGR301-H', 'HB', 'M', '18:45:00', '19:35:00'),
(160, 'ENGR301', 'ENGR301-H', 'HC', 'J', '17:45:00', '18:35:00'),
(161, 'ENGR301', 'ENGR301-II', 'IA', 'W', '17:45:00', '18:35:00'),
(162, 'ENGR301', 'ENGR301-II', 'IB', 'W', '18:45:00', '19:35:00'),
(163, 'ENGR301', 'ENGR301-II', 'IC', 'W', '17:45:00', '18:35:00'),
(164, 'SOEN321', 'SOEN321-GG', 'GA', 'M', '20:30:00', '21:20:00'),
(165, 'SOEN321', 'SOEN321-GG', 'GB', 'M', '20:30:00', '21:20:00');

-- --------------------------------------------------------

--
-- Table structure for table `pass`
--

CREATE TABLE `pass` (
  `PassedCourseId` int(24) NOT NULL,
  `UserId` int(24) NOT NULL,
  `CourseName` varchar(255) NOT NULL
) ENGINE=InnoDB DEFAULT CHARSET=latin1;

--
-- Dumping data for table `pass`
--

INSERT INTO `pass` (`PassedCourseId`, `UserId`, `CourseName`) VALUES
(1, 1, 'COMP232'),
(2, 1, 'COMP248'),
(3, 1, 'COMP249'),
(4, 2, 'ENGR213'),
(5, 2, 'COMP248');

-- --------------------------------------------------------

--
-- Table structure for table `slab`
--

CREATE TABLE `slab` (
  `LabID` int(11) NOT NULL,
  `CourseName` varchar(225) NOT NULL,
  `LabSection` varchar(225) NOT NULL,
  `LabDay` varchar(10) NOT NULL,
  `StartLabTime` varchar(225) NOT NULL,
  `EndLabTime` varchar(225) NOT NULL
) ENGINE=InnoDB DEFAULT CHARSET=latin1;

--
-- Dumping data for table `slab`
--

INSERT INTO `slab` (`LabID`, `CourseName`, `LabSection`, `LabDay`, `StartLabTime`, `EndLabTime`) VALUES
(1, 'COMP248', 'AI-X', 'M,W', '18:30:00', '19:30:00'),
(2, 'COMP248', 'AJ-X', 'M,W', '18:30:00', '19:30:00'),
(3, 'COMP248', 'AK-X', 'M,W', '18:30:00', '19:30:00'),
(4, 'COMP249', 'CI-X', 'T,J', '20:15:00', '21:15:00'),
(5, 'COMP249', 'CJ-X', 'M,W', '20:15:00', '21:15:00'),
(6, 'COMP249', 'CK-X', 'M,W', '20:15:00', '21:15:00'),
(7, 'SOEN228', 'AI-X', 'M,W', '12:30:00', '14:20:00'),
(8, 'SOEN228', 'AJ-X', 'M,W', '14:30:00', '16:20:00'),
(9, 'SOEN228', 'AK-X', 'T,J', '14:40', '16:30:00'),
(10, 'COMP346', 'CI-X', 'T,J', '21:10', '23:00:00'),
(11, 'COMP346', 'CJ-X', 'T,J', '21:10', '23:00:00'),
(12, 'ELEC275', 'CI-X', 'W', '08:45', '11:30:00'),
(13, 'ELEC275', 'CJ-X', 'T', '08:45', '11:30:00'),
(14, 'ELEC275', 'CK-X', 'J', '08:45', '11:30:00'),
(15, 'ELEC275', 'CL-X', 'W', '12:30', '15:15:00'),
(16, 'ELEC275', 'CM-X', 'W', '16:00', '18:45:00'),
(17, 'ELEC275', 'CN-X', 'T', '17:45', '20:30:00');

-- --------------------------------------------------------

--
-- Table structure for table `slec`
--

CREATE TABLE `slec` (
  `LecInfo` varchar(225) NOT NULL,
  `CourseName` varchar(225) NOT NULL,
  `LecDay` varchar(10) DEFAULT NULL,
  `StartLecTime` varchar(225) DEFAULT NULL,
  `EndLecTime` varchar(225) DEFAULT NULL
) ENGINE=InnoDB DEFAULT CHARSET=latin1;

--
-- Dumping data for table `slec`
--

INSERT INTO `slec` (`LecInfo`, `CourseName`, `LecDay`, `StartLecTime`, `EndLecTime`) VALUES
('COMP232-AA', 'COMP232', 'T,J', '10:45:00', '13:15:00'),
('COMP248-AA', 'COMP248', 'M,W', '13:30:00', '16:00:00'),
('COMP249-CC', 'COMP249', 'M,W', '15:30:00', '18:00:00'),
('COMP335-AA', 'COMP335', 'M,W', '18:30:00', '21:00:00'),
('COMP346-CC', 'COMP346', 'T,J', '18:30', '21:00:00'),
('COMP348-AA', 'COMP348', 'M,W', '14:45:00', '17:15:00'),
('COMP352-AA', 'COMP352', 'T,J', '18:30', '21:00:00'),
('ELEC275-CC', 'ELEC275', 'T,J', '11:45', '14:15:00'),
('ENCS282-AA', 'ENCS282', 'T,J', '08:45', '11:30:00'),
('ENCS282-AB', 'ENCS282', 'T,J', '10:45', '13:15:00'),
('ENCS282-CC', 'ENCS282', 'T,J', '10:15', '12:45:00'),
('ENCS282-CD', 'ENCS282', 'T,J', '10:15', '12:45:00'),
('ENGE301-AA', 'ENGE301', 'T,J', '18:30:00', '21:00:00'),
('ENGE301-AB', 'ENGE301', 'T,J', '18:30:00', '21:00:00'),
('ENGE301-CC', 'ENGE301', 'M,W', '14:45:00', '17:30:00'),
('ENGR201-BL', 'ENGR201', 'ONLINE', NULL, NULL),
('ENGR202-AA', 'ENGR202', 'M,W', '11:45:00', '13:00:00'),
('ENGR213-AA', 'ENGR213', 'T,J', '10:15', '12:45:00'),
('ENGR233-AA', 'ENGR233', 'T,J', '10:45', '13:15:00'),
('ENGR233-AB', 'ENGR233', 'T,J', '10:45', '13:15:00'),
('ENGR371-CC', 'ENGR371', 'M,W', '18:30:00', '21:00:00'),
('ENGR371-CD', 'ENGR371', 'M,W', '18:30:00', '21:00:00'),
('ENGR391-AA', 'ENGR391', 'T,J', '18:30', '21:00:00'),
('ENGR391-AB', 'ENGR391', 'T,J', '18:30', '21:00:00'),
('ENGR391-CC', 'ENGR391', 'T,J', '18:30', '21:00:00'),
('ENGR392-AA', 'ENGR392', 'T,J', '08:45', '11:30:00'),
('ENGR392-AB', 'ENGR392', 'T,J', '11:45', '14:30:00'),
('ENGR392-CC', 'ENGR392', 'T,J', '08:45', '11:30:00'),
('ENGR392-CD', 'ENGR392', 'T,J', '08:45', '11:30:00'),
('SOEN228-AA', 'SOEN228', 'M,W', '18:30:00', '21:00:00'),
('SOEN287-CC', 'SOEN287', 'M,W', '10:45:00', '13:15:00');

-- --------------------------------------------------------

--
-- Table structure for table `stut`
--

CREATE TABLE `stut` (
  `TutID` int(11) NOT NULL,
  `CourseName` varchar(225) NOT NULL,
  `LecInfo` varchar(225) NOT NULL,
  `TutSection` varchar(10) NOT NULL,
  `TutDay` varchar(10) NOT NULL,
  `StartTutTime` varchar(225) NOT NULL,
  `EndTutTime` varchar(225) NOT NULL
) ENGINE=InnoDB DEFAULT CHARSET=latin1;

--
-- Dumping data for table `stut`
--

INSERT INTO `stut` (`TutID`, `CourseName`, `LecInfo`, `TutSection`, `TutDay`, `StartTutTime`, `EndTutTime`) VALUES
(1, 'COMP232', 'COMP232-AA', 'AE', 'T,J', '13:45:00', '15:25:00'),
(2, 'COMP232', 'COMP232-AA', 'AF', 'T,J', '13:45:00', '15:25:00'),
(3, 'COMP248', 'COMP248-AA', 'AE', 'M,W', '16:40:00', '18:20:00'),
(4, 'COMP248', 'COMP248-AA', 'AF', 'M,W', '16:40:00', '18:20:00'),
(5, 'COMP248', 'COMP248-AA', 'AG', 'M,W', '16:40:00', '18:20:00'),
(6, 'COMP249', 'COMP249-CC', 'CE', 'T,J', '18:20:00', '20:00:00'),
(7, 'COMP249', 'COMP249-CC', 'CF', 'M,W', '18:20:00', '20:00:00'),
(8, 'COMP249', 'COMP249-CC', 'CG', 'M,W', '18:20:00', '20:00:00'),
(9, 'ENGR201', 'ENGR201-BL', 'B', 'W', '09:20', '10:10:00'),
(10, 'ENGR201', 'ENGR201-BL', 'C', 'W', '11:00', '11:50:00'),
(11, 'ENGR201', 'ENGR201-BL', 'D', 'W', '13:00', '13:50:00'),
(12, 'ENGR201', 'ENGR201-BL', 'E', 'W', '14:00', '14:50:00'),
(13, 'ENGR201', 'ENGR201-BL', 'F', 'M', '11:00:00', '11:50:00'),
(14, 'ENGR201', 'ENGR201-BL', 'G', 'M', '13:00:00', '13:50:00'),
(15, 'ENGR213', 'ENGR213-AA', 'AE', 'T,J', '08:30', '10:10:00'),
(16, 'ENGR213', 'ENGR213-AA', 'AF', 'T,J', '08:30', '10:10:00'),
(17, 'ENGR213', 'ENGR213-AA', 'AG', 'T,J', '08:30', '10:10:00'),
(18, 'ENGR213', 'ENGR213-AA', 'AH', 'T,J', '08:30', '10:10:00'),
(19, 'ENGR233', 'ENGR233-AA', 'AD', 'T,J', '08:45', '10:25:00'),
(20, 'ENGR233', 'ENGR233-AA', 'AE', 'T,J', '08:45', '10:25:00'),
(21, 'ENGR233', 'ENGR233-AA', 'AF', 'T,J', '08:45', '10:25:00'),
(22, 'ENGR233', 'ENGR233-AB', 'AD', 'T,J', '08:45', '10:25:00'),
(23, 'ENGR233', 'ENGR233-AB', 'AE', 'T,J', '08:45', '10:25:00'),
(24, 'ENGR233', 'ENGR233-AB', 'AM', 'T,J', '08:45', '10:25:00'),
(25, 'SOEN228', 'SOEN228-AA', 'AE', 'M,W', '16:40:00', '18:20:00'),
(26, 'SOEN228', 'SOEN228-AA', 'AF', 'M,W', '16:40:00', '18:20:00'),
(27, 'SOEN228', 'SOEN228-AA', 'AG', 'M,W', '16:40:00', '18:20:00'),
(28, 'SOEN287', 'SOEN287-CC', 'CE', 'M,W', '08:45:00', '10:25:00'),
(29, 'SOEN287', 'SOEN287-CC', 'CF', 'M,W', '08:45:00', '10:25:00'),
(30, 'COM348', 'COM348-AA', 'AE', 'M,W', '13:15:00', '14:05:00'),
(31, 'COM348', 'COM348-AA', 'AF', 'M,W', '13:15:00', '14:05:00'),
(32, 'COM348', 'COM348-AA', 'AG', 'M,W', '13:15:00', '14:05:00'),
(33, 'COMP352', 'COMP352-AA', 'AE', 'T,J', '17:30', '18:20:00'),
(34, 'COMP352', 'COMP352-AA', 'AF', 'T,J', '16:30', '17:20:00'),
(35, 'COMP352', 'COMP352-AA', 'AG', 'T,J', '17:30', '18:20:00'),
(36, 'ENCS282', 'ENCS282-AA', 'AD', 'T,J', '14:00', '15:40:00'),
(37, 'ENCS282', 'ENCS282-AA', 'AE', 'T,J', '11:45', '13:25:00'),
(38, 'ENCS282', 'ENCS282-AA', 'AF', 'T,J', '14:00', '15:40:00'),
(39, 'ENCS282', 'ENCS282-AA', 'AG', 'M,W', '08:45:00', '10:25:00'),
(40, 'ENCS282', 'ENCS282-AB', 'AI', 'T,J', '08:45', '10:25:00'),
(41, 'ENCS282', 'ENCS282-AB', 'AJ', 'T,J', '14:00', '15:40:00'),
(42, 'ENCS282', 'ENCS282-AB', 'AK', 'T,J', '14:00', '15:40:00'),
(43, 'ENCS282', 'ENCS282-AB', 'AL', 'T,J', '08:30', '10:10:00'),
(44, 'ENCS282', 'ENCS282-CC', 'CE', 'T,J', '08:30', '10:10:00'),
(45, 'ENCS282', 'ENCS282-CC', 'CF', 'T,J', '14:00', '15:40:00'),
(46, 'ENCS282', 'ENCS282-CC', 'CG', 'M,W', '08:45:00', '10:25:00'),
(47, 'ENCS282', 'ENCS282-CC', 'CH', 'T,J', '16:00', '17:40:00'),
(48, 'ENCS282', 'ENCS282-CD', 'CI', 'T,J', '08:30', '10:10:00'),
(49, 'ENCS282', 'ENCS282-CD', 'CJ', 'T,J', '14:00', '15:40:00'),
(50, 'ENCS282', 'ENCS282-CD', 'CK', 'T,J', '08:30', '10:10:00'),
(51, 'ENCS282', 'ENCS282-CD', 'CL', 'T,J', '14:00', '15:40:00'),
(52, 'COMP346', 'COMP346-CC', 'CA', 'T,J', '17:30', '18:20:00'),
(53, 'COMP346', 'COMP346-CC', 'CB', 'T,J', '17:30', '18:20:00'),
(54, 'ELEC275', 'ELEC275-CC', 'CE', 'T,J', '15:00', '16:40:00'),
(55, 'ELEC275', 'ELEC275-CC', 'CF', 'T,J', '15:00', '16:40:00'),
(56, 'ENGR371', 'ENGR371-CC', 'CE', 'M,W', '21:15:00', '22:05:00'),
(57, 'ENGR371', 'ENGR371-CC', 'CF', 'M,W', '21:15:00', '22:05:00'),
(58, 'ENGR371', 'ENGR371-CC', 'CG', 'M,W', '21:15:00', '22:05:00'),
(59, 'ENGR371', 'ENGR371-CD', 'CE', 'M,W', '21:15:00', '22:05:00'),
(60, 'ENGR371', 'ENGR371-CD', 'CF', 'M,W', '21:15:00', '22:05:00'),
(61, 'ENGR371', 'ENGR371-CD', 'CG', 'M,W', '21:15:00', '22:05:00'),
(62, 'COMP335', 'COMP335-AA', 'AE', 'M,W', '17:30:00', '18:20:00'),
(63, 'COMP335', 'COMP335-AA', 'AF', 'M,W', '17:30:00', '18:20:00'),
(64, 'ENGR391', 'ENGR391-AA', 'AE', 'T,J', '21:10', '22:00:00'),
(65, 'ENGR391', 'ENGR391-AA', 'AF', 'T,J', '17:30', '18:20:00'),
(66, 'ENGR391', 'ENGR391-AA', 'AG', 'T,J', '16:30', '17:20:00'),
(67, 'ENGR391', 'ENGR391-AA', 'AH', 'T,J', '15:30', '16:20:00'),
(68, 'ENGR391', 'ENGR391-AB', 'AH', 'T,J', '21:10', '22:00:00'),
(69, 'ENGR391', 'ENGR391-AB', 'AI', 'T,J', '17:35', '18:25:00'),
(70, 'ENGR391', 'ENGR391-CC', 'CF', 'T,J', '21:10', '22:00:00'),
(71, 'ENGR391', 'ENGR391-CC', 'CG', 'T,J', '21:10', '22:00:00'),
(72, 'ENGR391', 'ENGR391-CC', 'CH', 'T,J', '21:10', '22:00:00'),
(73, 'ENGR391', 'ENGR391-CC', 'CI', 'T,J', '10:00', '11:50:00'),
(74, 'ENGR391', 'ENGR391-CC', 'CE', 'T,J', '21:10:00', '22:00:00'),
(75, 'ENGE301', 'ENGE301-AA', 'AE', 'J', '16:15', '18:05:00'),
(76, 'ENGE301', 'ENGE301-AA', 'AF', 'T', '16:15', '18:05:00'),
(77, 'ENGE301', 'ENGE301-AA', 'AG', 'J', '16:15', '18:05:00'),
(78, 'ENGE301', 'ENGE301-AA', 'AG', 'T', '16:15', '18:05:00'),
(79, 'ENGE301', 'ENGE301-AB', 'AI', 'M', '18:30:00', '20:20:00'),
(80, 'ENGE301', 'ENGE301-AB', 'AJ', 'W', '18:30', '20:20:00'),
(81, 'ENGE301', 'ENGE301-AB', 'AK', 'M', '16:15:00', '18:05:00'),
(82, 'ENGE301', 'ENGE301-AB', 'AL', 'W', '16:15', '18:05:00'),
(83, 'ENGE301', 'ENGE301-CC', 'CE', 'M', '17:45', '19:35:00'),
(84, 'ENGE301', 'ENGE301-CC', 'CF', 'W', '17:45', '19:35:00'),
(85, 'ENGE301', 'ENGE301-CC', 'CG', 'M', '11:45:00', '13:35:00'),
(86, 'ENGE301', 'ENGE301-CC', 'CH', 'W', '11:45', '13:35:00');

-- --------------------------------------------------------

--
-- Table structure for table `users`
--

CREATE TABLE `users` (
  `UserId` int(255) NOT NULL,
  `UserName` varchar(255) NOT NULL,
  `Password` varchar(255) NOT NULL,
  `Email` varchar(255) NOT NULL,
  `Activated` int(1) NOT NULL
) ENGINE=InnoDB DEFAULT CHARSET=latin1;

--
-- Dumping data for table `users`
--

INSERT INTO `users` (`UserId`, `UserName`, `Password`, `Email`, `Activated`) VALUES
(0, 'Hani Hani', '12345678', 'hani-111-222@hotmail.com', 0),
(1, 'Hani Sabsoob', 'HaniSX100234', 'sebhani98@gmail.com', 1),
(2, 'John Malik', '123456789', 'JohnMalik@hotmail.com', 0);

-- --------------------------------------------------------

--
-- Table structure for table `wlab`
--

CREATE TABLE `wlab` (
  `LabID` int(11) NOT NULL,
  `CourseName` varchar(225) NOT NULL,
  `LabSection` varchar(225) NOT NULL,
  `LabDay` varchar(10) NOT NULL,
  `StartLabTime` varchar(225) NOT NULL,
  `EndLabTime` varchar(225) NOT NULL
) ENGINE=InnoDB DEFAULT CHARSET=latin1;

--
-- Dumping data for table `wlab`
--

INSERT INTO `wlab` (`LabID`, `CourseName`, `LabSection`, `LabDay`, `StartLabTime`, `EndLabTime`) VALUES
(1, 'COMP248', 'A-X', 'F', '20:00:00', '21:00:00'),
(2, 'COMP248', 'B-X', 'M', '20:00:00', '21:00:00'),
(3, 'COMP248', 'C-X', 'F', '20:00:00', '21:00:00'),
(4, 'COMP248', 'D-X', 'F', '13:35:00', '14:35:00'),
(5, 'COMP248', 'E-X', 'W', '13:35:00', '14:35:00'),
(6, 'COMP248', 'F-X', 'W', '13:35:00', '14:35:00'),
(7, 'COMP248', 'G-X', 'F', '16:35:00', '17:35:00'),
(8, 'COMP248', 'H-X', 'F', '16:35:00', '17:35:00'),
(9, 'COMP248', 'I-X', 'M', '16:35:00', '17:35:00'),
(10, 'COMP249', 'A-X', 'J', '16:30:00', '17:30:00'),
(11, 'COMP249', 'B-X', 'F', '19:35:00', '20:35:00'),
(12, 'COMP249', 'C-X', 'T', '20:35:00', '21:35:00'),
(13, 'COMP249', 'D-X', 'M', '17:45:00', '18:45:00'),
(14, 'COMP249', 'E-X', 'J', '16:30:00', '17:30:00'),
(15, 'COMP249', 'F', 'J', '16:30:00', '17:30:00'),
(16, 'COMP249', 'G-X', 'M', '12:10:00', '13:10:00'),
(17, 'COMP249', 'H-X', 'F', '12:10:00', '13:10:00'),
(18, 'COMP249', 'I-X', 'F', '12:10:00', '13:10:00'),
(19, 'COMP249', 'J-X', 'M', '12:10:00', '13:10:00'),
(20, 'COMP249', 'K-X', 'M', '12:10:00', '13:10:00'),
(21, 'COMP249', 'L-X', 'W', '13:35:00', '14:35:00'),
(22, 'COMP249', 'M-X', 'W', '13:35:00', '14:35:00'),
(23, 'COMP249', 'N-X', 'M', '21:30:00', '22:30:00'),
(24, 'COMP249', 'O-X', 'T', '18:00:00', '19:00:00'),
(25, 'COMP249', 'P-X', 'T', '19:30:00', '20:30:00'),
(26, 'COMP249', 'S-X', 'J', '16:30:00', '17:30:00'),
(27, 'SOEN228', 'A-X', 'M', '10:00:00', '12:00:00'),
(28, 'SOEN228', 'B-X', 'M', '10:00:00', '12:00:00'),
(29, 'SOEN228', 'C-X', 'T', '10:00:00', '12:00:00'),
(30, 'SOEN228', 'D-X', 'T', '10:00:00', '12:00:00'),
(31, 'SOEN228', 'E-X', 'W', '10:00:00', '12:00:00'),
(32, 'SOEN228', 'F-X', 'W', '10:00:00', '12:00:00'),
(33, 'SOEN228', 'G-X', 'J', '10:00:00', '12:00:00'),
(34, 'SOEN228', 'H-X', 'J', '10:00:00', '12:00:00'),
(35, 'SOEN228', 'I-X', 'F', '10:00:00', '12:00:00'),
(36, 'SOEN228', 'J-X', 'F', '10:00:00', '12:00:00'),
(37, 'COMP346', 'A-X', 'W', '21:30:00', '23:20:00'),
(38, 'COMP346', 'B-X', 'M', '14:15:00', '16:05:00'),
(39, 'COMP346', 'C-X', 'F', '17:45:00', '19:35:00'),
(40, 'COMP346', 'D-X', 'F', '19:45:00', '21:35:00'),
(41, 'COMP346', 'E-X', 'T', '21:30:00', '23:20:00'),
(42, 'COMP346', 'F-X', 'F', '14:15:00', '16:05:00'),
(43, 'COMP346', 'G-X', 'M', '21:30:00', '23:20:00'),
(44, 'COMP346', 'H-X', 'F', '14:15:00', '16:05:00'),
(45, 'COMP346', 'I-X', 'J', '19:45:00', '21:35:00'),
(46, 'COMP346', 'J-X', 'F', '17:45:00', '19:35:00'),
(47, 'ELEC275', 'JK-X', 'J', '17:45:00', '20:30:00'),
(48, 'ELEC275', 'JL-X', 'J', '17:45:00', '20:30:00'),
(49, 'ELEC275', 'JM-X', 'W', '11:45:00', '14:30:00'),
(50, 'ELEC275', 'JN-X', 'W', '11:45:00', '14:30:00'),
(51, 'ELEC275', 'SI-X', 'M', '08:45:00', '11:30:00'),
(52, 'ELEC275', 'SJ-X', 'M', '08:45:00', '11:30:00'),
(53, 'ELEC275', 'SK-X', 'M', '17:45:00', '20:30:00'),
(54, 'ELEC275', 'SL-X', 'M', '17:45:00', '20:30:00'),
(55, 'SOEN390', 'SI-X', 'J', '15:45:00', '18:25:00'),
(56, 'SOEN390', 'SJ-X', 'J', '18:45:00', '21:25:00'),
(57, 'SOEN390', 'SK-X', 'T', '15:45:00', '18:25:00'),
(58, 'SOEN390', 'SL-X', 'T', '18:45:00', '21:25:00'),
(59, 'SOEN390', 'SM-X', 'J', '15:45:00', '18:25:00'),
(60, 'SOEN390', 'SN-X', 'T', '15:00:00', '17:40:00'),
(61, 'SOEN490_2', 'SSSI', 'T,J', '08:30:00', '10:30:00'),
(62, 'SOEN490_2', 'SSSJ', 'T,J', '08:30:00', '10:30:00'),
(63, 'SOEN490_2', 'SSSK', 'T,J', '08:30:00', '10:30:00'),
(64, 'SOEN490_2', 'SSSL', 'T,J', '08:30:00', '10:30:00'),
(65, 'SOEN490_2', 'SSSM', 'T,J', '08:30:00', '10:30:00'),
(66, 'SOEN490_2', 'SSSN', 'T,J', '08:30:00', '10:30:00');

-- --------------------------------------------------------

--
-- Table structure for table `wlec`
--

CREATE TABLE `wlec` (
  `LecInfo` varchar(225) NOT NULL,
  `CourseName` varchar(225) NOT NULL,
  `LecDay` varchar(10) DEFAULT NULL,
  `StartLecTime` varchar(225) DEFAULT NULL,
  `EndLecTime` varchar(225) DEFAULT NULL
) ENGINE=InnoDB DEFAULT CHARSET=latin1;

--
-- Dumping data for table `wlec`
--

INSERT INTO `wlec` (`LecInfo`, `CourseName`, `LecDay`, `StartLecTime`, `EndLecTime`) VALUES
('COMP232-NN', 'COMP232', 'J', '17:45:00', '20:15:00'),
('COMP232-U', 'COMP232', 'T,J', '13:15:00', '14:30:00'),
('COMP248-S', 'COMP248', 'W', '17:45:00', '20:15:00'),
('COMP248-U', 'COMP248', 'W,F', '10:15:00', '11:30:00'),
('COMP248-W', 'COMP248', 'W,F', '11:45:00', '13:00:00'),
('COMP249-PP', 'COMP249', 'J', '17:45:00', '20:15:00'),
('COMP249-QQ', 'COMP249', 'J', '17:45:00', '20:15:00'),
('COMP249-S', 'COMP249', 'M,W', '08:45:00', '10:00:00'),
('COMP249-U', 'COMP249', 'W,F', '10:15:00', '11:30:00'),
('COMP249-WW', 'COMP249', 'F', '17:45:00', '20:15:00'),
('COMP335-N', 'COMP335', 'T,J', '11:45:00', '13:00:00'),
('COMP346-NN', 'COMP346', 'W', '17:45:00', '20:15:00'),
('COMP346-UU', 'COMP346', 'M', '17:45:00', '20:15:00'),
('COMP346-WW', 'COMP346', 'T', '17:45:00', '20:15:00'),
('COMP346-YY', 'COMP346', 'M', '17:45:00', '20:15:00'),
('COMP348-E', 'COMP348', 'M,W', '14:45:00', '16:00:00'),
('COMP352-S', 'COMP352', 'M,W', '13:15:00', '14:30:00'),
('COMP352-X', 'COMP352', 'M,W', '13:15:00', '14:30:00'),
('ELEC275-JJ', 'ELEC275', 'T', '17:45:00', '20:15:00'),
('ELEC275-SS', 'ELEC275', 'J', '17:45:00', '20:15:00'),
('ENCS282-EE', 'ENCS282', 'T', '17:45:00', '20:15:00'),
('ENCS282-WW', 'ENCS282', 'T', '17:45:00', '20:15:00'),
('ENCS282-Y', 'ENCS282', 'T,J', '14:45:00', '16:00:00'),
('ENGR201-BL', 'ENGR201', 'ONLINE', NULL, NULL),
('ENGR202-R', 'ENGR202', 'J', '16:15:00', '17:30:00'),
('ENGR202-SS', 'ENGR202', 'W', '17:45:00', '19:00:00'),
('ENGR213-F', 'ENGR213', 'T,J', '14:45:00', '16:00:00'),
('ENGR213-G', 'ENGR213', 'T,J', '14:45:00', '16:00:00'),
('ENGR213-J', 'ENGR213', 'T,J', '14:45:00', '16:00:00'),
('ENGR213-W', 'ENGR213', 'W,F', '14:45:00', '16:00:00'),
('ENGR233-J', 'ENGR233', 'M,W', '16:15:00', '17:30:00'),
('ENGR233-R', 'ENGR233', 'T,J', '11:45:00', '13:00:00'),
('ENGR233-S', 'ENGR233', 'W,F', '08:45:00', '10:00:00'),
('ENGR233-T', 'ENGR233', 'W,F', '10:15:00', '11:30:00'),
('ENGR233-U', 'ENGR233', 'T,J', '08:45:00', '10:00:00'),
('ENGR233-V', 'ENGR233', 'T,J', '08:45:00', '10:00:00'),
('ENGR233-X', 'ENGR233', 'W,F', '10:15:00', '11:30:00'),
('ENGR301-R', 'ENGR301', 'T,J', '16:15:00', '17:30:00'),
('ENGR301-SS', 'ENGR301', 'M', '18:00:00', '20:30:00'),
('ENGR371-T', 'ENGR371', 'T,J', '14:45:00', '16:00:00'),
('ENGR371-UU', 'ENGR371', 'F', '17:45:00', '20:15:00'),
('ENGR371-W', 'ENGR371', 'W,F', '10:15:00', '11:30:00'),
('ENGR391-UU', 'ENGR391', 'J', '17:45:00', '20:15:00'),
('ENGR391-V', 'ENGR391', 'T,J', '13:15:00', '14:30:00'),
('ENGR391-X', 'ENGR391', 'W,F', '08:45:00', '10:00:00'),
('ENGR392-P', 'ENGR392', 'F', '08:45:00', '11:30:00'),
('ENGR392-Q', 'ENGR392', 'M', '14:45:00', '17:30:00'),
('ENGR392-RR', 'ENGR392', 'T', '17:45:00', '20:15:00'),
('ENGR392-S', 'ENGR392', 'W', '14:45:00', '17:30:00'),
('SOEN228-SS', 'SOEN228', 'T', '17:45:00', '20:15:00'),
('SOEN228-U', 'SOEN228', 'M,W', '14:45:00', '16:00:00'),
('SOEN287-S', 'SOEN287', 'T,J', '08:45:00', '10:00:00'),
('SOEN287-U', 'SOEN287', 'T,J', '14:45:00', '16:00:00'),
('SOEN287-W', 'SOEN287', 'T,J', '14:45:00', '16:00:00'),
('SOEN321-U', 'SOEN321', 'F', '14:45:00', '17:30:00'),
('SOEN331-W', 'SOEN331', 'T,J', '16:15:00', '17:30:00'),
('SOEN341-S', 'SOEN341', 'W,F', '08:45:00', '10:00:00'),
('SOEN341-U', 'SOEN341', 'W,F', '08:45:00', '10:00:00'),
('SOEN344-S', 'SOEN344', 'T,J', '13:15:00', '14:30:00'),
('SOEN345-S', 'SOEN345', 'M,W', '14:45:00', '16:00:00'),
('SOEN357-S', 'SOEN357', 'W,F', '10:15:00', '11:30:00'),
('SOEN385-S', 'SOEN385', 'T,J', '11:45:00', '13:00:00'),
('SOEN390-S', 'SOEN390', 'M', '16:15:00', '17:55:00'),
('SOEN490-SS', 'SOEN490_2', 'F', '18:25:00', '19:25:00');

-- --------------------------------------------------------

--
-- Table structure for table `wtut`
--

CREATE TABLE `wtut` (
  `TutID` int(11) NOT NULL,
  `CourseName` varchar(225) NOT NULL,
  `LecInfo` varchar(225) NOT NULL,
  `TutSection` varchar(10) NOT NULL,
  `TutDay` varchar(10) NOT NULL,
  `StartTutTime` varchar(225) NOT NULL,
  `EndTutTime` varchar(225) NOT NULL
) ENGINE=InnoDB DEFAULT CHARSET=latin1;

--
-- Dumping data for table `wtut`
--

INSERT INTO `wtut` (`TutID`, `CourseName`, `LecInfo`, `TutSection`, `TutDay`, `StartTutTime`, `EndTutTime`) VALUES
(1, 'COMP232', 'COMP232-NN', 'NA', 'J', '20:30:00', '22:10:00'),
(2, 'COMP232', 'COMP232-NN', 'NB', 'T', '20:30:00', '22:10:00'),
(3, 'COMP232', 'COMP232-U', 'UA', 'T', '14:45:00', '16:25:00'),
(4, 'COMP232', 'COMP232-U', 'UB', 'T', '14:45:00', '16:25:00'),
(5, 'COMP248', 'COMP248-S', 'SA', 'W', '20:30:00', '22:10:00'),
(6, 'COMP248', 'COMP248-S', 'SB', 'W', '20:30:00', '22:10:00'),
(7, 'COMP248', 'COMP248-U', 'UA', 'F', '11:45:00', '13:25:00'),
(8, 'COMP248', 'COMP248-U', 'UB', 'W', '11:45:00', '13:25:00'),
(9, 'COMP248', 'COMP248-W', 'WA', 'M', '10:15:00', '11:50:00'),
(10, 'COMP248', 'COMP248-W', 'WB', 'W', '14:45:00', '16:25:00'),
(11, 'ENGR201', 'ENGR201-BL', 'A', 'F', '08:45:00', '09:35:00'),
(12, 'ENGR201', 'ENGR201-BL', 'B', 'F', '08:45:00', '09:35:00'),
(13, 'ENGR201', 'ENGR201-BL', 'C', 'T', '16:15:00', '17:05:00'),
(14, 'ENGR201', 'ENGR201-BL', 'D', 'T', '16:15:00', '17:05:00'),
(15, 'ENGR201', 'ENGR201-BL', 'E', 'W', '08:45:00', '09:35:00'),
(16, 'ENGR201', 'ENGR201-BL', 'F', 'W', '08:45:00', '09:35:00'),
(17, 'ENGR201', 'ENGR201-BL', 'G', 'J', '16:15:00', '17:05:00'),
(18, 'ENGR201', 'ENGR201-BL', 'H', 'J', '16:15:00', '17:05:00'),
(19, 'ENGR201', 'ENGR201-BL', 'I', 'T', '16:15:00', '17:05:00'),
(20, 'ENGR201', 'ENGR201-BL', 'J', 'J', '16:15:00', '17:05:00'),
(21, 'ENGR213', 'ENGR213-G', 'GA', 'M', '16:10:00', '17:50:00'),
(22, 'ENGR213', 'ENGR213-G', 'GB', 'F', '17:45:00', '19:25:00'),
(23, 'ENGR213', 'ENGR213-F', 'FA', 'M', '18:00:00', '19:40:00'),
(24, 'ENGR213', 'ENGR213-F', 'FB', 'F', '17:45:00', '19:25:00'),
(25, 'ENGR213', 'ENGR213-J', 'JA', 'F', '15:45:00', '17:25:00'),
(26, 'ENGR213', 'ENGR213-J', 'JB', 'F', '15:45:00', '17:25:00'),
(27, 'ENGR213', 'ENGR213-W', 'WA', 'F', '16:10:00', '17:50:00'),
(28, 'ENGR213', 'ENGR213-W', 'WB', 'M', '18:00:00', '19:40:00'),
(29, 'COMP249', 'COMP249-PP', 'PA', 'J', '20:30:00', '22:10:00'),
(30, 'COMP249', 'COMP249-PP', 'PB', 'F', '17:45:00', '19:25:00'),
(31, 'COMP249', 'COMP249-QQ', 'QA', 'J', '20:30:00', '22:10:00'),
(32, 'COMP249', 'COMP249-QQ', 'QB', 'M', '19:45:00', '21:25:00'),
(33, 'COMP249', 'COMP249-S', 'SA', 'W', '10:15:00', '11:55:00'),
(34, 'COMP249', 'COMP249-S', 'SB', 'M', '10:15:00', '11:55:00'),
(35, 'COMP249', 'COMP249-S', 'SC', 'M', '10:15:00', '11:55:00'),
(36, 'COMP249', 'COMP249-U', 'UA', 'M', '10:15:00', '11:55:00'),
(37, 'COMP249', 'COMP249-U', 'UB', 'W', '11:45:00', '13:25:00'),
(38, 'COMP249', 'COMP249-WW', 'WA', 'F', '20:30:00', '22:10:00'),
(39, 'COMP249', 'COMP249-WW', 'WB', 'M', '19:00:00', '20:50:00'),
(40, 'ENGR233', 'ENGR233-R', 'RA', 'F', '14:15:00', '15:55:00'),
(41, 'ENGR233', 'ENGR233-R', 'RB', 'F', '14:15:00', '15:55:00'),
(42, 'ENGR233', 'ENGR233-R', 'RC', 'F', '14:15:00', '15:55:00'),
(43, 'ENGR233', 'ENGR233-T', 'TA', 'J', '09:45:00', '11:25:00'),
(44, 'ENGR233', 'ENGR233-T', 'TB', 'J', '09:45:00', '11:25:00'),
(45, 'ENGR233', 'ENGR233-T', 'TC', 'J', '09:45:00', '11:25:00'),
(46, 'ENGR233', 'ENGR233-U', 'UA', 'M', '09:45:00', '11:25:00'),
(47, 'ENGR233', 'ENGR233-U', 'UB', 'M', '13:15:00', '14:55:00'),
(48, 'ENGR233', 'ENGR233-U', 'UC', 'M', '09:45:00', '11:25:00'),
(49, 'ENGR233', 'ENGR233-J', 'JA', 'M', '17:45:00', '19:25:00'),
(50, 'ENGR233', 'ENGR233-J', 'JB', 'M', '19:40:00', '21:20:00'),
(51, 'ENGR233', 'ENGR233-J', 'JC', 'M', '13:15:00', '15:05:00'),
(52, 'ENGR233', 'ENGR233-X', 'XA', 'F', '14:15:00', '15:55:00'),
(53, 'ENGR233', 'ENGR233-X', 'XB', 'F', '14:15:00', '15:55:00'),
(54, 'ENGR233', 'ENGR233-X', 'XC', 'F', '14:15:00', '15:55:00'),
(55, 'ENGR233', 'ENGR233-S', 'SA', 'M', '08:20:00', '10:00:00'),
(56, 'ENGR233', 'ENGR233-S', 'SB', 'W', '13:15:00', '14:55:00'),
(57, 'ENGR233', 'ENGR233-S', 'SC', 'M', '08:20:00', '10:00:00'),
(58, 'ENGR233', 'ENGR233-V', 'VA', 'M', '08:20:00', '10:00:00'),
(59, 'ENGR233', 'ENGR233-V', 'VB', 'M', '08:20:00', '10:00:00'),
(60, 'ENGR233', 'ENGR233-V', 'VC', 'M', '08:20:00', '10:00:00'),
(61, 'SOEN228', 'SOEN228-SS', 'SA', 'T', '20:30:00', '22:10:00'),
(62, 'SOEN228', 'SOEN228-SS', 'SB', 'T', '20:30:00', '22:10:00'),
(63, 'SOEN228', 'SOEN228-U', 'UA', 'W', '16:15:00', '17:55:00'),
(64, 'SOEN228', 'SOEN228-U', 'UB', 'W', '16:15:00', '17:55:00'),
(65, 'SOEN228', 'SOEN228-U', 'UC', 'W', '16:15:00', '17:55:00'),
(66, 'SOEN287', 'SOEN287-S', 'SA', 'T', '10:15:00', '11:55:00'),
(67, 'SOEN287', 'SOEN287-S', 'SB', 'J', '10:15:00', '11:55:00'),
(68, 'SOEN287', 'SOEN287-S', 'SC', 'W', '10:15:00', '11:55:00'),
(69, 'SOEN287', 'SOEN287-S', 'SD', 'W', '08:30:00', '10:10:00'),
(70, 'SOEN287', 'SOEN287-U', 'UA', 'T', '16:15:00', '17:55:00'),
(71, 'SOEN287', 'SOEN287-U', 'UB', 'J', '16:15:00', '17:55:00'),
(72, 'SOEN287', 'SOEN287-U', 'UC', 'T', '18:00:00', '19:40:00'),
(73, 'SOEN287', 'SOEN287-U', 'UD', 'J', '18:00:00', '19:40:00'),
(74, 'SOEN287', 'SOEN287-W', 'WA', 'F', '15:15:00', '16:55:00'),
(75, 'SOEN287', 'SOEN287-W', 'WB', 'T', '16:15:00', '17:55:00'),
(76, 'SOEN287', 'SOEN287-W', 'WC', 'F', '15:15:00', '16:55:00'),
(77, 'SOEN287', 'SOEN287-W', 'WD', 'F', '17:30:00', '19:10:00'),
(78, 'COMP348', 'COMP348-E', 'EI', 'M', '16:15:00', '17:05:00'),
(79, 'COMP348', 'COMP348-E', 'EJ', 'W', '16:15:00', '17:05:00'),
(80, 'COMP348', 'COMP348-E', 'EK', 'M', '17:20:00', '18:10:00'),
(81, 'COMP352', 'COMP352-S', 'SA', 'W', '14:45:00', '15:35:00'),
(82, 'COMP352', 'COMP352-S', 'SB', 'M', '14:45:00', '15:35:00'),
(83, 'COMP352', 'COMP352-X', 'XA', 'M', '16:15:00', '17:05:00'),
(84, 'COMP352', 'COMP352-X', 'XB', 'W', '16:15:00', '17:05:00'),
(85, 'COMP352', 'COMP352-X', 'XC', 'M', '17:45:00', '18:35:00'),
(86, 'ENCS282', 'ENCS282-EE', 'EN', 'M', '16:15:00', '17:55:00'),
(87, 'ENCS282', 'ENCS282-EE', 'EO', 'J', '16:15:00', '17:55:00'),
(88, 'ENCS282', 'ENCS282-EE', 'EP', 'F', '16:15:00', '17:55:00'),
(89, 'ENCS282', 'ENCS282-EE', 'EQ', 'T', '20:30:00', '22:10:00'),
(90, 'ENCS282', 'ENCS282-WW', 'WA', 'T', '20:30:00', '22:10:00'),
(91, 'ENCS282', 'ENCS282-WW', 'WB', 'F', '17:55:00', '19:35:00'),
(92, 'ENCS282', 'ENCS282-WW', 'WC', 'J', '17:55:00', '19:35:00'),
(93, 'ENCS282', 'ENCS282-WW', 'WD', 'T', '20:30:00', '22:10:00'),
(94, 'ENCS282', 'ENCS282-Y', 'YA', 'F', '16:15:00', '17:55:00'),
(95, 'ENCS282', 'ENCS282-Y', 'YB', 'T', '16:15:00', '17:55:00'),
(96, 'ENCS282', 'ENCS282-Y', 'YC', 'M', '16:15:00', '17:55:00'),
(97, 'ENCS282', 'ENCS282-Y', 'YD', 'F', '16:15:00', '17:55:00'),
(98, 'COMP346', 'COMP346-NN', 'NA', 'W', '20:30:00', '21:20:00'),
(99, 'COMP346', 'COMP346-NN', 'NB', 'M', '13:15:00', '14:05:00'),
(100, 'COMP346', 'COMP346-UU', 'UA', 'M', '16:35:00', '17:25:00'),
(101, 'COMP346', 'COMP346-UU', 'UB', 'W', '15:35:00', '16:25:00'),
(102, 'COMP346', 'COMP346-WW', 'WA', 'T', '20:30:00', '21:20:00'),
(103, 'COMP346', 'COMP346-WW', 'WB', 'F', '13:15:00', '14:05:00'),
(104, 'COMP346', 'COMP346-YY', 'YA', 'M', '20:30:00', '21:20:00'),
(105, 'COMP346', 'COMP346-YY', 'YB', 'F', '13:15:00', '14:05:00'),
(106, 'ELEC275', 'ELEC275-JJ', 'JA', 'W', '09:45:00', '11:25:00'),
(107, 'ELEC275', 'ELEC275-JJ', 'JB', 'M', '11:45:00', '13:25:00'),
(108, 'ELEC275', 'ELEC275-SS', 'SA', 'W', '08:45:00', '10:35:00'),
(109, 'ELEC275', 'ELEC275-SS', 'SB', 'M', '08:45:00', '10:35:00'),
(110, 'ENGR371', 'ENGR371-T', 'TA', 'F', '10:15:00', '11:05:00'),
(111, 'ENGR371', 'ENGR371-T', 'TB', 'F', '10:15:00', '11:05:00'),
(112, 'ENGR371', 'ENGR371-T', 'TC', 'F', '10:15:00', '11:05:00'),
(113, 'ENGR371', 'ENGR371-UU', 'UA', 'F', '14:45:00', '15:35:00'),
(114, 'ENGR371', 'ENGR371-UU', 'UB', 'M', '14:45:00', '15:35:00'),
(115, 'ENGR371', 'ENGR371-UU', 'UC', 'M', '14:45:00', '15:35:00'),
(116, 'ENGR371', 'ENGR371-W', 'WA', 'W', '08:45:00', '09:35:00'),
(117, 'ENGR371', 'ENGR371-W', 'WB', 'F', '08:45:00', '09:35:00'),
(118, 'ENGR371', 'ENGR371-W', 'WC', 'F', '08:45:00', '09:35:00'),
(119, 'SOEN331', 'SOEN331-U', 'UA', 'F', '14:15:00', '16:05:00'),
(120, 'SOEN331', 'SOEN331-U', 'UB', 'F', '12:15:00', '14:05:00'),
(121, 'SOEN331', 'SOEN331-U', 'UC', 'F', '14:15:00', '16:05:00'),
(122, 'SOEN331', 'SOEN331-W', 'WA', 'F', '14:15:00', '16:05:00'),
(123, 'SOEN331', 'SOEN331-W', 'WB', 'F', '14:15:00', '16:05:00'),
(124, 'SOEN331', 'SOEN331-W', 'WC', 'F', '12:15:00', '14:05:00'),
(125, 'SOEN331', 'SOEN331-W', 'WD', 'F', '14:15:00', '16:05:00'),
(126, 'SOEN331', 'SOEN331-W', 'WE', 'F', '12:15:00', '14:05:00'),
(127, 'SOEN331', 'SOEN331-W', 'WF', 'F', '14:15:00', '16:05:00'),
(128, 'SOEN331', 'SOEN331-W', 'WG', 'F', '14:15:00', '16:05:00'),
(129, 'SOEN341', 'SOEN341-S', 'SA', 'F', '12:15:00', '13:05:00'),
(130, 'SOEN341', 'SOEN341-S', 'SB', 'F', '13:15:00', '14:05:00'),
(131, 'SOEN341', 'SOEN341-S', 'SC', 'F', '12:15:00', '13:05:00'),
(132, 'SOEN341', 'SOEN341-U', 'UA', 'F', '12:15:00', '13:05:00'),
(133, 'SOEN341', 'SOEN341-U', 'UB', 'F', '13:15:00', '14:05:00'),
(134, 'SOEN341', 'SOEN341-U', 'UC', 'F', '13:15:00', '14:05:00'),
(135, 'COMP335', 'COMP335-N', 'NA', 'T', '13:15:00', '14:05:00'),
(136, 'COMP335', 'COMP335-N', 'NB', 'J', '13:15:00', '14:05:00'),
(137, 'COMP335', 'COMP335-N', 'NC', 'T', '13:15:00', '14:05:00'),
(138, 'ENGR391', 'ENGR391-UU', 'UA', 'J', '20:30:00', '21:20:00'),
(139, 'ENGR391', 'ENGR391-UU', 'UB', 'J', '20:30:00', '21:20:00'),
(140, 'ENGR391', 'ENGR391-UU', 'UC', 'J', '20:30:00', '21:20:00'),
(141, 'ENGR391', 'ENGR391-V', 'VA', 'F', '11:45:00', '12:35:00'),
(142, 'ENGR391', 'ENGR391-V', 'VB', 'F', '13:15:00', '14:05:00'),
(143, 'ENGR391', 'ENGR391-V', 'VC', 'F', '11:45:00', '12:35:00'),
(144, 'ENGR391', 'ENGR391-X', 'XA', 'F', '13:15:00', '14:05:00'),
(145, 'ENGR391', 'ENGR391-X', 'XB', 'F', '15:15:00', '16:05:00'),
(146, 'ENGR391', 'ENGR391-X', 'XD', 'F', '16:30:00', '17:20:00'),
(147, 'SOEN344', 'SOEN344-S', 'SA', 'J', '14:45:00', '15:35:00'),
(148, 'SOEN344', 'SOEN344-S', 'SB', 'J', '14:45:00', '15:35:00'),
(149, 'SOEN344', 'SOEN344-S', 'SC', 'J', '14:45:00', '15:35:00'),
(150, 'SOEN344', 'SOEN344-S', 'SD', 'J', '14:45:00', '15:35:00'),
(151, 'SOEN345', 'SOEN345-S', 'SA', 'W', '16:15:00', '17:05:00'),
(152, 'SOEN345', 'SOEN345-S', 'SB', 'W', '17:45:00', '18:35:00'),
(153, 'SOEN345', 'SOEN345-S', 'SC', 'F', '08:45:00', '09:35:00'),
(154, 'SOEN357', 'SOEN357-S', 'SA', 'F', '11:45:00', '12:35:00'),
(155, 'SOEN357', 'SOEN357-S', 'SB', 'W', '11:45:00', '12:35:00'),
(156, 'SOEN357', 'SOEN357-S', 'SC', 'F', '11:45:00', '12:35:00'),
(157, 'SOEN357', 'SOEN357-S', 'SD', 'W', '11:45:00', '12:35:00'),
(158, 'SOEN390', 'SOEN390-S', 'SA', 'M', '18:15:00', '19:05:00'),
(159, 'SOEN390', 'SOEN390-S', 'SB', 'M', '18:15:00', '19:05:00'),
(160, 'SOEN390', 'SOEN390-S', 'SC', 'M', '19:15:00', '20:05:00'),
(161, 'SOEN390', 'SOEN390-S', 'SD', 'M', '19:15:00', '20:05:00'),
(162, 'SOEN390', 'SOEN390-S', 'SE', 'M', '18:15:00', '19:05:00'),
(163, 'SOEN390', 'SOEN390-S', 'SF', 'M', '19:15:00', '20:05:00'),
(164, 'ENGR301', 'ENGR301-SS', 'SA', 'J', '17:45:00', '18:35:00'),
(165, 'ENGR301', 'ENGR301-SS', 'SB', 'J', '17:45:00', '18:35:00'),
(166, 'ENGR301', 'ENGR301-SS', 'SC', 'T', '18:45:00', '19:35:00'),
(167, 'ENGR301', 'ENGR301-SS', 'SD', 'T', '18:45:00', '19:35:00'),
(168, 'ENGR301', 'ENGR301-R', 'RA', 'T', '17:45:00', '18:35:00'),
(169, 'ENGR301', 'ENGR301-R', 'RB', 'T', '17:45:00', '18:35:00'),
(170, 'ENGR301', 'ENGR301-R', 'RC', 'J', '18:45:00', '19:35:00'),
(171, 'ENGR301', 'ENGR301-R', 'RD', 'J', '18:45:00', '19:35:00'),
(172, 'SOEN321', 'SOEN321-U', 'UA', 'W', '11:45:00', '12:35:00'),
(173, 'SOEN321', 'SOEN321-U', 'UB', 'W', '11:45:00', '12:35:00'),
(174, 'SOEN321', 'SOEN321-U', 'UC', 'W', '11:45:00', '12:35:00'),
(175, 'SOEN385', 'SOEN385-S', 'SA', 'T', '10:45:00', '11:35:00'),
(176, 'SOEN385', 'SOEN385-S', 'SB', 'J', '10:45:00', '11:35:00'),
(177, 'SOEN385', 'SOEN385-S', 'SC', 'M', '10:45:00', '11:35:00'),
(178, 'SOEN385', 'SOEN385-S', 'SD', 'W', '10:45:00', '11:35:00');

--
-- Indexes for dumped tables
--

--
-- Indexes for table `coursesmain`
--
ALTER TABLE `coursesmain`
  ADD PRIMARY KEY (`CourseName`);

--
-- Indexes for table `flab`
--
ALTER TABLE `flab`
  ADD PRIMARY KEY (`LabID`),
  ADD KEY `CourseName` (`CourseName`);

--
-- Indexes for table `flec`
--
ALTER TABLE `flec`
  ADD PRIMARY KEY (`LecInfo`),
  ADD KEY `CourseName` (`CourseName`);

--
-- Indexes for table `ftut`
--
ALTER TABLE `ftut`
  ADD PRIMARY KEY (`TutID`),
  ADD KEY `CourseName` (`CourseName`),
  ADD KEY `LecInfo` (`LecInfo`);

--
-- Indexes for table `pass`
--
ALTER TABLE `pass`
  ADD PRIMARY KEY (`PassedCourseId`),
  ADD KEY `UserId` (`UserId`),
  ADD KEY `CourseName` (`CourseName`);

--
-- Indexes for table `slab`
--
ALTER TABLE `slab`
  ADD PRIMARY KEY (`LabID`),
  ADD KEY `CourseName` (`CourseName`);

--
-- Indexes for table `slec`
--
ALTER TABLE `slec`
  ADD PRIMARY KEY (`LecInfo`),
  ADD KEY `CourseName` (`CourseName`);

--
-- Indexes for table `stut`
--
ALTER TABLE `stut`
  ADD PRIMARY KEY (`TutID`),
  ADD KEY `CourseName` (`CourseName`),
  ADD KEY `LecInfo` (`LecInfo`);

--
-- Indexes for table `users`
--
ALTER TABLE `users`
  ADD PRIMARY KEY (`UserId`);

--
-- Indexes for table `wlab`
--
ALTER TABLE `wlab`
  ADD PRIMARY KEY (`LabID`),
  ADD KEY `CourseName` (`CourseName`);

--
-- Indexes for table `wlec`
--
ALTER TABLE `wlec`
  ADD PRIMARY KEY (`LecInfo`),
  ADD KEY `CourseName` (`CourseName`);

--
-- Indexes for table `wtut`
--
ALTER TABLE `wtut`
  ADD PRIMARY KEY (`TutID`),
  ADD KEY `CourseName` (`CourseName`),
  ADD KEY `LecInfo` (`LecInfo`);

--
-- AUTO_INCREMENT for dumped tables
--

--
-- AUTO_INCREMENT for table `flab`
--
ALTER TABLE `flab`
  MODIFY `LabID` int(11) NOT NULL AUTO_INCREMENT, AUTO_INCREMENT=40;

--
-- AUTO_INCREMENT for table `ftut`
--
ALTER TABLE `ftut`
  MODIFY `TutID` int(11) NOT NULL AUTO_INCREMENT, AUTO_INCREMENT=166;

--
-- AUTO_INCREMENT for table `pass`
--
ALTER TABLE `pass`
  MODIFY `PassedCourseId` int(24) NOT NULL AUTO_INCREMENT, AUTO_INCREMENT=6;

--
-- AUTO_INCREMENT for table `slab`
--
ALTER TABLE `slab`
  MODIFY `LabID` int(11) NOT NULL AUTO_INCREMENT, AUTO_INCREMENT=18;

--
-- AUTO_INCREMENT for table `stut`
--
ALTER TABLE `stut`
  MODIFY `TutID` int(11) NOT NULL AUTO_INCREMENT, AUTO_INCREMENT=87;

--
-- AUTO_INCREMENT for table `wlab`
--
ALTER TABLE `wlab`
  MODIFY `LabID` int(11) NOT NULL AUTO_INCREMENT, AUTO_INCREMENT=67;

--
-- AUTO_INCREMENT for table `wtut`
--
ALTER TABLE `wtut`
  MODIFY `TutID` int(11) NOT NULL AUTO_INCREMENT, AUTO_INCREMENT=179;

--
-- Constraints for dumped tables
--

--
-- Constraints for table `flab`
--
ALTER TABLE `flab`
  ADD CONSTRAINT `flab_ibfk_1` FOREIGN KEY (`CourseName`) REFERENCES `coursesmain` (`CourseName`);

--
-- Constraints for table `flec`
--
ALTER TABLE `flec`
  ADD CONSTRAINT `flec_ibfk_1` FOREIGN KEY (`CourseName`) REFERENCES `coursesmain` (`CourseName`);

--
-- Constraints for table `pass`
--
ALTER TABLE `pass`
  ADD CONSTRAINT `pass_ibfk_1` FOREIGN KEY (`UserId`) REFERENCES `users` (`UserId`),
  ADD CONSTRAINT `pass_ibfk_2` FOREIGN KEY (`CourseName`) REFERENCES `coursesmain` (`CourseName`);

--
-- Constraints for table `slab`
--
ALTER TABLE `slab`
  ADD CONSTRAINT `slab_ibfk_1` FOREIGN KEY (`CourseName`) REFERENCES `coursesmain` (`CourseName`);

--
-- Constraints for table `wlab`
--
ALTER TABLE `wlab`
  ADD CONSTRAINT `wlab_ibfk_1` FOREIGN KEY (`CourseName`) REFERENCES `coursesmain` (`CourseName`);

--
-- Constraints for table `wlec`
--
ALTER TABLE `wlec`
  ADD CONSTRAINT `wlec_ibfk_1` FOREIGN KEY (`CourseName`) REFERENCES `coursesmain` (`CourseName`);
COMMIT;

/*!40101 SET CHARACTER_SET_CLIENT=@OLD_CHARACTER_SET_CLIENT */;
/*!40101 SET CHARACTER_SET_RESULTS=@OLD_CHARACTER_SET_RESULTS */;
/*!40101 SET COLLATION_CONNECTION=@OLD_COLLATION_CONNECTION */;
